-- MySQL dump 10.13  Distrib 8.0.34, for Win64 (x86_64)
--
-- Host: localhost    Database: bookheaven
-- ------------------------------------------------------
-- Server version	8.0.34

/*!40101 SET @OLD_CHARACTER_SET_CLIENT=@@CHARACTER_SET_CLIENT */;
/*!40101 SET @OLD_CHARACTER_SET_RESULTS=@@CHARACTER_SET_RESULTS */;
/*!40101 SET @OLD_COLLATION_CONNECTION=@@COLLATION_CONNECTION */;
/*!50503 SET NAMES utf8 */;
/*!40103 SET @OLD_TIME_ZONE=@@TIME_ZONE */;
/*!40103 SET TIME_ZONE='+00:00' */;
/*!40014 SET @OLD_UNIQUE_CHECKS=@@UNIQUE_CHECKS, UNIQUE_CHECKS=0 */;
/*!40014 SET @OLD_FOREIGN_KEY_CHECKS=@@FOREIGN_KEY_CHECKS, FOREIGN_KEY_CHECKS=0 */;
/*!40101 SET @OLD_SQL_MODE=@@SQL_MODE, SQL_MODE='NO_AUTO_VALUE_ON_ZERO' */;
/*!40111 SET @OLD_SQL_NOTES=@@SQL_NOTES, SQL_NOTES=0 */;

--
-- Table structure for table `account_info_table`
--

DROP TABLE IF EXISTS `account_info_table`;
/*!40101 SET @saved_cs_client     = @@character_set_client */;
/*!50503 SET character_set_client = utf8mb4 */;
CREATE TABLE `account_info_table` (
  `user_id` int NOT NULL,
  `user_name` varchar(30) NOT NULL,
  `user_first_name` varchar(45) DEFAULT NULL,
  `user_last_name` varchar(45) DEFAULT NULL,
  `user_email` varchar(45) DEFAULT NULL,
  `user_gender` varchar(45) DEFAULT NULL,
  `user_birth_date` date DEFAULT NULL,
  `user_member_date` date DEFAULT NULL,
  `user_addressId` int DEFAULT NULL,
  `user_cardId` int DEFAULT NULL,
  `user_phone` varchar(10) DEFAULT NULL,
  PRIMARY KEY (`user_id`,`user_name`),
  KEY `idx_user_cardId` (`user_cardId`),
  KEY `address_id_idx` (`user_addressId`),
  CONSTRAINT `address_id` FOREIGN KEY (`user_addressId`) REFERENCES `address_table` (`address_id`) ON DELETE CASCADE ON UPDATE CASCADE,
  CONSTRAINT `payment_id` FOREIGN KEY (`user_cardId`) REFERENCES `payment_info_table` (`card_id`) ON DELETE CASCADE ON UPDATE CASCADE,
  CONSTRAINT `user_id` FOREIGN KEY (`user_id`, `user_name`) REFERENCES `register_table` (`user_id`, `user_name`) ON DELETE CASCADE ON UPDATE CASCADE
) ENGINE=InnoDB DEFAULT CHARSET=utf8mb4 COLLATE=utf8mb4_0900_ai_ci;
/*!40101 SET character_set_client = @saved_cs_client */;

--
-- Dumping data for table `account_info_table`
--

LOCK TABLES `account_info_table` WRITE;
/*!40000 ALTER TABLE `account_info_table` DISABLE KEYS */;
INSERT INTO `account_info_table` VALUES (19,'goodDogGG',NULL,NULL,'fluk255420111111@gmail.com',NULL,NULL,'2024-03-18',1,NULL,NULL),(21,'goodDogw',NULL,NULL,'jj10102546@gmail.com',NULL,NULL,'2024-03-18',3,NULL,NULL),(22,'12345',NULL,NULL,'ccasasdasd',NULL,NULL,'2024-03-18',1,NULL,NULL),(23,'asddd','BIG','POM','hellobro','1','2023-12-07','2024-03-18',5,2,'0957525582'),(24,'brodd',NULL,NULL,'12345@gad.com1',NULL,NULL,'2024-03-22',6,3,NULL),(25,'asddddd',NULL,NULL,'12345@gad.com11',NULL,NULL,'2024-03-22',7,4,NULL),(26,'jjkung',NULL,NULL,'jj10102546@gmail.com',NULL,NULL,'2024-03-22',8,5,NULL),(27,'jjkungth',NULL,NULL,'jj10102546@gmail.com',NULL,NULL,'2024-03-22',9,6,NULL),(28,'jjkungtht',NULL,NULL,'jj10102546@gmail.com',NULL,NULL,'2024-03-22',10,7,NULL),(29,'jjkungza',NULL,NULL,'jj10102546@gmail.com',NULL,NULL,'2024-03-24',11,8,NULL),(30,'jjkungza',NULL,NULL,'jj10102546@gmail.com',NULL,NULL,'2024-03-24',12,9,NULL),(31,'jjkungzaza',NULL,NULL,'jj10102546@gmail.com',NULL,NULL,'2024-03-24',13,10,NULL),(32,'jjkungzazaza',NULL,NULL,'jj10102546@gmail.com',NULL,NULL,'2024-03-25',14,11,NULL);
/*!40000 ALTER TABLE `account_info_table` ENABLE KEYS */;
UNLOCK TABLES;

--
-- Table structure for table `address_table`
--

DROP TABLE IF EXISTS `address_table`;
/*!40101 SET @saved_cs_client     = @@character_set_client */;
/*!50503 SET character_set_client = utf8mb4 */;
CREATE TABLE `address_table` (
  `address_id` int NOT NULL AUTO_INCREMENT,
  `user_first_name` varchar(45) NOT NULL,
  `user_last_name` varchar(45) NOT NULL,
  `user_address` varchar(45) NOT NULL,
  `user_address_more_information` varchar(45) DEFAULT NULL,
  `user_city` varchar(45) NOT NULL,
  `user_postcode` int NOT NULL,
  `user_province` varchar(45) NOT NULL,
  `user_phone` varchar(10) NOT NULL,
  PRIMARY KEY (`address_id`)
) ENGINE=InnoDB AUTO_INCREMENT=15 DEFAULT CHARSET=utf8mb4 COLLATE=utf8mb4_0900_ai_ci;
/*!40101 SET character_set_client = @saved_cs_client */;

--
-- Dumping data for table `address_table`
--

LOCK TABLES `address_table` WRITE;
/*!40000 ALTER TABLE `address_table` DISABLE KEYS */;
INSERT INTO `address_table` VALUES (1,'','','',NULL,'',0,'',''),(3,'','','',NULL,'',0,'',''),(4,'','','',NULL,'',0,'',''),(5,'','','',NULL,'',0,'',''),(6,'','','',NULL,'',0,'',''),(7,'','','',NULL,'',0,'',''),(8,'','','',NULL,'',0,'',''),(9,'','','',NULL,'',0,'',''),(10,'','','',NULL,'',0,'',''),(11,'','','',NULL,'',0,'',''),(12,'','','',NULL,'',0,'',''),(13,'','','',NULL,'',0,'',''),(14,'','','',NULL,'',0,'','');
/*!40000 ALTER TABLE `address_table` ENABLE KEYS */;
UNLOCK TABLES;

--
-- Table structure for table `category_table`
--

DROP TABLE IF EXISTS `category_table`;
/*!40101 SET @saved_cs_client     = @@character_set_client */;
/*!50503 SET character_set_client = utf8mb4 */;
CREATE TABLE `category_table` (
  `category_id` int NOT NULL AUTO_INCREMENT,
  `category_name` varchar(45) DEFAULT NULL,
  `number_of_items` int NOT NULL DEFAULT '0',
  PRIMARY KEY (`category_id`)
) ENGINE=InnoDB AUTO_INCREMENT=51 DEFAULT CHARSET=utf8mb4 COLLATE=utf8mb4_0900_ai_ci;
/*!40101 SET character_set_client = @saved_cs_client */;

--
-- Dumping data for table `category_table`
--

LOCK TABLES `category_table` WRITE;
/*!40000 ALTER TABLE `category_table` DISABLE KEYS */;
INSERT INTO `category_table` VALUES (1,'Fiction',0),(2,'Non-Fiction',0),(3,'Children\'s Book',0),(4,'Novel and Comics',0),(5,'Reference Books',0),(6,'Personal Development',0),(7,'Cookbook',5),(8,'Travel Guides',0),(9,'Poetry',12);
/*!40000 ALTER TABLE `category_table` ENABLE KEYS */;
UNLOCK TABLES;

--
-- Table structure for table `imagesrc_table`
--

DROP TABLE IF EXISTS `imagesrc_table`;
/*!40101 SET @saved_cs_client     = @@character_set_client */;
/*!50503 SET character_set_client = utf8mb4 */;
CREATE TABLE `imagesrc_table` (
  `product_imageID` varchar(5) NOT NULL,
  `Image_Path` varchar(45) NOT NULL,
  PRIMARY KEY (`product_imageID`,`Image_Path`),
  KEY `product_imageID_idx` (`product_imageID`),
  CONSTRAINT `product_imageID` FOREIGN KEY (`product_imageID`) REFERENCES `product_table` (`product_imageID`) ON DELETE CASCADE ON UPDATE CASCADE
) ENGINE=InnoDB DEFAULT CHARSET=utf8mb4 COLLATE=utf8mb4_0900_ai_ci;
/*!40101 SET character_set_client = @saved_cs_client */;

--
-- Dumping data for table `imagesrc_table`
--

LOCK TABLES `imagesrc_table` WRITE;
/*!40000 ALTER TABLE `imagesrc_table` DISABLE KEYS */;
INSERT INTO `imagesrc_table` VALUES ('A0001','assets/covers/book_A00001_cover1.jpg'),('A0001','assets/covers/book_A00001_cover2.jpg'),('A0001','assets/covers/book_A00001_cover3.jpg'),('A0002','assets/covers/book_A00002_cover1.jpg'),('A0002','assets/covers/book_A00002_cover2.jpg'),('A0003','assets/covers/book_A00003_cover1.jpg'),('A0004','assets/covers/book_A00004_cover1.jpg'),('A0005','assets/covers/book_A00005_cover1.jpg'),('A0006','assets/covers/book_A00006_cover1.jpg'),('A0007','assets/covers/book_A00007_cover1.jpg'),('A0008','assets/covers/book_A00008_cover1.jpg'),('A0009','assets/covers/book_A00009_cover1.jpg'),('cd01','assets/covers/cd01.jpg'),('cd02','assets/covers/cd02.jpg'),('cd03','assets/covers/cd03.jpg'),('cd04','assets/covers/cd04.jpg'),('cd05','assets/covers/cd05.jpg'),('cd06','assets/covers/cd06.jpg'),('cd07','assets/covers/cd07.jpg'),('cd08','assets/covers/cd08.jpg'),('cd09','assets/covers/cd09.jpg'),('cd10','assets/covers/cd10.jpg'),('cd11','assets/covers/cd11.jpg'),('cd12','assets/covers/cd12.jpg'),('ck01','assets/covers/ck01.jpg'),('ck02','assets/covers/ck02.jpg'),('ck03','assets/covers/ck03.jpg'),('ck04','assets/covers/ck04.jpg'),('ck05','assets/covers/ck05.jpg'),('ck06','assets/covers/ck06.jpg'),('ck07','assets/covers/ck07.jpg'),('ck08','assets/covers/ck08.jpg'),('ck09','assets/covers/ck09.jpg'),('ck10','assets/covers/ck10.jpg'),('ck11','assets/covers/ck11.jpg'),('ck12','assets/covers/ck12.jpg'),('ft01','assets/covers/ft01.jpg'),('ft02','assets/covers/ft02.jpg'),('ft03','assets/covers/ft03.jpg'),('ft04','assets/covers/ft04.jpg'),('ft05','assets/covers/ft05.jpg'),('ft06','assets/covers/ft06.jpg'),('ft07','assets/covers/ft07.jpg'),('ft08','assets/covers/ft08.jpg'),('ft09','assets/covers/ft09.jpg'),('Ft10','assets/covers/Ft10.jpg'),('ft11','assets/covers/ft11.jpg'),('ft12','assets/covers/ft12.jpg'),('nf01','assets/covers/nf01.jpg'),('nf02','assets/covers/nf02.jpg'),('nf03','assets/covers/nf03.jpg'),('nf04','assets/covers/nf04.jpg'),('nf05','assets/covers/nf05.jpg'),('nf06','assets/covers/nf06.jpg'),('nf07','assets/covers/nf07.jpg'),('nf08','assets/covers/nf08.jpg'),('nf09','assets/covers/nf09.jpg'),('nf10','assets/covers/nf10.jpg'),('nf11','assets/covers/nf11.jpg'),('nf12','assets/covers/nf12.jpg'),('nv01','assets/covers/nv01.jpg'),('nv02','assets/covers/nv02.jpg'),('nv03','assets/covers/nv03.jpg'),('nv04','assets/covers/nv04.jpg'),('nv05','assets/covers/nv05.jpg'),('nv06','assets/covers/nv06.jpg'),('nv07','assets/covers/nv07.jpg'),('nv08','assets/covers/nv08.jpg'),('nv09','assets/covers/nv09.jpg'),('nv10','assets/covers/nv10.jpg'),('nv11','assets/covers/nv11.jpg'),('nv12','assets/covers/nv12.jpg'),('p01','assets/covers/p01.jpg'),('p02','assets/covers/p02.jpg'),('p03','assets/covers/p03.jpg'),('p04','assets/covers/p04.jpg'),('p05','assets/covers/p05.jpg'),('p06','assets/covers/p06.jpg'),('p07','assets/covers/p07.jpg'),('p08','assets/covers/p08.jpg'),('p09','assets/covers/p09.jpg'),('p10','assets/covers/p10.jpg'),('p11','assets/covers/p11.jpg'),('p12','assets/covers/p12.jpg'),('pd01','assets/covers/pd01.jpg'),('pd02','assets/covers/pd02.jpg'),('pd03','assets/covers/pd03.jpg'),('pd04','assets/covers/pd04.jpg'),('pd05','assets/covers/pd05.jpg'),('pd06','assets/covers/pd06.jpg'),('pd07','assets/covers/pd07.jpg'),('pd08','assets/covers/pd08.jpg'),('pd09','assets/covers/pd09.jpg'),('pd10','assets/covers/pd10.jpg'),('pd11','assets/covers/pd11.jpg'),('pd12','assets/covers/pd12.jpg'),('rf01','assets/covers/rf01.jpg'),('rf02','assets/covers/rf02.jpg'),('rf03','assets/covers/rf03.jpg'),('rf04','assets/covers/rf04.jpg'),('rf05','assets/covers/rf05.jpg'),('rf06','assets/covers/rf06.jpg'),('rf07','assets/covers/rf07.jpg'),('rf08','assets/covers/rf08.jpg'),('rf09','assets/covers/rf09.jpg'),('rf10','assets/covers/rf10.jpg'),('rf11','assets/covers/rf11.jpg'),('rf12','assets/covers/rf12.jpg'),('tv01','assets/covers/tv01.jpeg'),('tv02','assets/covers/tv02.jpeg'),('tv03','assets/covers/tv03.jpeg'),('tv04','assets/covers/tv04.jpeg'),('tv05','assets/covers/tv05.jpeg'),('tv06','assets/covers/tv06.jpeg'),('tv07','assets/covers/tv07.jpeg'),('tv08','assets/covers/tv08.jpeg'),('tv09','assets/covers/tv09.jpeg'),('tv10','assets/covers/tv10.jpeg'),('tv11','assets/covers/tv11.jpeg'),('tv12','assets/covers/tv12.jpeg');
/*!40000 ALTER TABLE `imagesrc_table` ENABLE KEYS */;
UNLOCK TABLES;

--
-- Table structure for table `order_table`
--

DROP TABLE IF EXISTS `order_table`;
/*!40101 SET @saved_cs_client     = @@character_set_client */;
/*!50503 SET character_set_client = utf8mb4 */;
CREATE TABLE `order_table` (
  `order_id` int NOT NULL AUTO_INCREMENT,
  `request_date` timestamp NOT NULL DEFAULT CURRENT_TIMESTAMP,
  `request_from` varchar(45) NOT NULL DEFAULT 'username',
  `request_type` varchar(45) NOT NULL DEFAULT 'Customer Requests',
  `product_id` int NOT NULL,
  `number_of_items` int NOT NULL,
  `order_status` varchar(45) DEFAULT NULL,
  PRIMARY KEY (`order_id`),
  KEY `product_id` (`product_id`),
  CONSTRAINT `order_table_ibfk_1` FOREIGN KEY (`product_id`) REFERENCES `product_table` (`product_id`)
) ENGINE=InnoDB AUTO_INCREMENT=99 DEFAULT CHARSET=utf8mb4 COLLATE=utf8mb4_0900_ai_ci;
/*!40101 SET character_set_client = @saved_cs_client */;

--
-- Dumping data for table `order_table`
--

LOCK TABLES `order_table` WRITE;
/*!40000 ALTER TABLE `order_table` DISABLE KEYS */;
INSERT INTO `order_table` VALUES (39,'2024-03-19 00:23:51','Product Manager','Restock Request',9,10,'approve'),(40,'2024-03-19 00:31:30','Product Manager','Restock Request',4,10,'approve'),(41,'2024-03-19 00:32:01','Product Manager','Restock Request',3,100,'approve'),(42,'2024-03-19 00:43:49','Product Manager','Restock Request',6,5,'approve'),(43,'2024-03-19 00:46:05','Product Manager','Restock Request',4,10,'approve'),(45,'2024-03-21 08:15:11','username','Customer Requests',3,1,NULL),(46,'2024-03-21 08:16:43','username','Customer Requests',3,1,NULL),(47,'2024-03-21 08:17:37','username','Customer Requests',3,1,NULL),(48,'2024-03-21 08:19:10','username','Customer Requests',3,2,NULL),(49,'2024-03-21 08:21:22','Customer','Customer Request',3,5,NULL),(50,'2024-03-21 08:24:56','Customer','Customer Request',1,1,NULL),(51,'2024-03-21 08:27:09','Customer','Customer Request',6,1,NULL),(52,'2024-03-21 08:30:42','Customer','Customer Request',3,1,NULL),(53,'2024-03-21 08:32:03','Customer','Customer Request',5,1,NULL),(54,'2024-03-21 08:37:33','Customer','Customer Request',7,1,NULL),(55,'2024-03-21 08:39:32','Customer','Customer Request',4,1,NULL),(56,'2024-03-21 08:42:34','Customer','Customer Request',2,2,NULL),(57,'2024-03-21 08:49:02','Customer','Customer Request',9,1,NULL),(58,'2024-03-21 08:50:15','Customer','Customer Request',9,1,'approve'),(59,'2024-03-21 08:58:38','Customer','Customer Request',4,1,'approve'),(60,'2024-03-21 09:23:00','Customer','Customer Request',4,1,'approve'),(61,'2024-03-21 09:39:31','Product Manager','Restock Request',1,10,'approve'),(62,'2024-03-21 10:29:49','Customer','Customer Request',3,5,NULL),(63,'2024-03-21 10:29:49','Customer','Customer Request',5,5,NULL),(64,'2024-03-21 10:29:49','Customer','Customer Request',9,5,NULL),(65,'2024-03-21 23:01:36','Customer','Customer Request',6,1,NULL),(66,'2024-03-21 23:02:58','Customer','Customer Request',4,1,NULL),(67,'2024-03-21 23:21:09','Customer','Customer Request',2,4,NULL),(68,'2024-03-21 23:21:09','Customer','Customer Request',18,3,NULL),(69,'2024-03-21 23:22:55','Product Manager','Restock Request',70,10,NULL),(70,'2024-03-22 00:46:14','Customer','Customer Request',34,4,NULL),(71,'2024-03-22 07:20:09','Customer','Customer Request',3,1,NULL),(72,'2024-03-22 08:43:53','Product Manager','Restock Request',117,50,'approve'),(73,'2024-03-22 08:48:02','Customer','Customer Request',3,4,NULL),(74,'2024-03-22 08:48:02','Customer','Customer Request',117,2,NULL),(75,'2024-03-22 08:48:26','Customer','Customer Request',3,1,NULL),(76,'2024-03-22 08:48:26','Customer','Customer Request',117,1,NULL),(77,'2024-03-22 08:51:41','Customer','Customer Request',3,3,NULL),(78,'2024-03-22 08:51:41','Customer','Customer Request',9,2,NULL),(79,'2024-03-22 08:51:41','Customer','Customer Request',117,2,NULL),(80,'2024-03-22 08:56:15','Customer','Customer Request',1,3,NULL),(81,'2024-03-22 08:56:15','Customer','Customer Request',116,2,NULL),(82,'2024-03-22 08:56:15','Customer','Customer Request',117,3,NULL),(83,'2024-03-23 02:11:20','Customer','Customer Request',3,1,NULL),(84,'2024-03-23 02:12:17','Customer','Customer Request',3,1,NULL),(85,'2024-03-23 02:13:17','Customer','Customer Request',3,1,NULL),(86,'2024-03-23 02:16:29','Customer','Customer Request',3,1,NULL),(87,'2024-03-23 02:17:12','Customer','Customer Request',3,1,NULL),(88,'2024-03-23 02:18:33','Customer','Customer Request',3,1,NULL),(89,'2024-03-23 02:30:33','Customer','Customer Request',3,1,NULL),(90,'2024-03-23 03:34:49','Customer','Customer Request',117,1,NULL),(91,'2024-03-24 00:56:05','Customer','Customer Request',3,2,NULL),(92,'2024-03-24 01:16:39','Customer','Customer Request',3,2,NULL),(93,'2024-03-24 01:18:08','Customer','Customer Request',3,2,NULL),(94,'2024-03-24 01:22:28','Customer','Customer Request',3,2,NULL),(95,'2024-03-24 01:33:51','Customer','Customer Request',3,2,NULL),(96,'2024-03-24 01:35:41','Customer','Customer Request',3,2,NULL),(97,'2024-03-24 23:32:37','Customer','Customer Request',3,2,NULL),(98,'2024-03-24 23:53:17','Customer','Customer Request',3,2,NULL);
/*!40000 ALTER TABLE `order_table` ENABLE KEYS */;
UNLOCK TABLES;

--
-- Table structure for table `payment_info_table`
--

DROP TABLE IF EXISTS `payment_info_table`;
/*!40101 SET @saved_cs_client     = @@character_set_client */;
/*!50503 SET character_set_client = utf8mb4 */;
CREATE TABLE `payment_info_table` (
  `card_id` int NOT NULL AUTO_INCREMENT,
  `card_number` int NOT NULL,
  `card_name` varchar(45) NOT NULL,
  `expired_month` int NOT NULL,
  `expired_year` int NOT NULL,
  `security_code` int NOT NULL,
  PRIMARY KEY (`card_id`)
) ENGINE=InnoDB AUTO_INCREMENT=12 DEFAULT CHARSET=utf8mb4 COLLATE=utf8mb4_0900_ai_ci;
/*!40101 SET character_set_client = @saved_cs_client */;

--
-- Dumping data for table `payment_info_table`
--

LOCK TABLES `payment_info_table` WRITE;
/*!40000 ALTER TABLE `payment_info_table` DISABLE KEYS */;
INSERT INTO `payment_info_table` VALUES (1,0,'',0,0,0),(2,0,'',0,0,0),(3,0,'',0,0,0),(4,0,'',0,0,0),(5,0,'',0,0,0),(6,0,'',0,0,0),(7,0,'',0,0,0),(8,0,'',0,0,0),(9,0,'',0,0,0),(10,0,'',0,0,0),(11,0,'',0,0,0);
/*!40000 ALTER TABLE `payment_info_table` ENABLE KEYS */;
UNLOCK TABLES;

--
-- Table structure for table `product_table`
--

DROP TABLE IF EXISTS `product_table`;
/*!40101 SET @saved_cs_client     = @@character_set_client */;
/*!50503 SET character_set_client = utf8mb4 */;
CREATE TABLE `product_table` (
  `product_id` int NOT NULL AUTO_INCREMENT,
  `product_name` varchar(45) NOT NULL,
  `category_id` int NOT NULL,
  `product_imageID` varchar(5) NOT NULL,
  `product_description` varchar(512) DEFAULT NULL,
  `stock` int NOT NULL DEFAULT '0',
  `product_sales_count` int NOT NULL DEFAULT '0',
  `product_price` decimal(10,2) NOT NULL DEFAULT '0.00',
  `product_price_promotion` decimal(10,2) NOT NULL DEFAULT '0.00',
  PRIMARY KEY (`product_id`,`product_imageID`),
  KEY `product_imageID_idx` (`product_imageID`),
  KEY `categoryid_idx` (`category_id`),
  CONSTRAINT `categoryid` FOREIGN KEY (`category_id`) REFERENCES `category_table` (`category_id`) ON DELETE CASCADE ON UPDATE CASCADE
) ENGINE=InnoDB AUTO_INCREMENT=138 DEFAULT CHARSET=utf8mb4 COLLATE=utf8mb4_0900_ai_ci;
/*!40101 SET character_set_client = @saved_cs_client */;

--
-- Dumping data for table `product_table`
--

LOCK TABLES `product_table` WRITE;
/*!40000 ALTER TABLE `product_table` DISABLE KEYS */;
INSERT INTO `product_table` VALUES (1,'book 1',7,'A0001',NULL,5,300,100.00,10.00),(2,'book 2',9,'A0002',NULL,12,200,12.00,10.00),(3,'book 3',7,'A0003','With unlimited access to recipes, why does anyone need another cookbook? Because not all recipes are born equal. Not all of them have been created by a global superstar chef who has built his reputation on delivering the very best food -- whether that\'s t',0,100,300.00,25.00),(4,'book 4',7,'A0004',NULL,0,0,599.00,299.00),(5,'book 5',7,'A0005',NULL,0,0,199.00,249.00),(6,'book 6',7,'A0006',NULL,0,5,649.00,599.00),(7,'book 7',7,'A0007',NULL,0,0,1099.00,99.00),(8,'book 8',7,'A0008',NULL,0,0,519.00,199.00),(9,'book 9',7,'A0009',NULL,0,0,2499.00,0.00),(10,'Waverider',3,'cd01','The highly anticipated, thrilling conclusion to Kazu Kibuishi\'s #1 New York Times bestselling series! After her confrontation with Ikol, Emily finally understands the stone\'s power and what she must do to defend Alledia from the shadows. As she travels to',0,0,300.00,0.00),(11,'Daughters of the Lamp',3,'cd02','Percy Jackson meets Arabian fairy tales in this stunning middle grade fantasy debut about a girl who becomes the guardian of Ali Baba’s legendary treasure. Believe in fairy tales. Sahara Rashad lives by logic. Loves science. And always has a plan. Except ',0,0,400.00,0.00),(12,'Medusa (The Myth of Monsters, #1)',3,'cd03','From National Book Award finalist Katherine Percy Jackson meets The Troubled Girls of Dragomir Academy  in this fantastical adventure about Ava, who attends a boarding school for the descendants of Greek monsters and uncovers a terrible secret that could ',0,0,200.00,0.00),(13,'Across So Many Seas',3,'cd04','Spanning over 500 years, Pura Belpré Award winner Ruth Behar\'s epic novel tells the stories of four girls from different generations of a Jewish family, many of them forced to leave their country and start a new life. In 1492 , during the Spanish Inquisit',0,0,100.00,50.00),(14,'Finally Heard',3,'cd05','From the New York Times bestselling author of Front Desk comes the sequel to Finally Seen in which Lina struggles to separate fact from fiction on social media. When ten-year-old Lina Gao sees her mom’s video on social media take off, she’s captivated by ',0,0,250.00,100.00),(15,'Averil Offline',3,'cd06','A fun, fast-paced story about a girl determined to cut the cord with her helicopter parents. Twelve-year-old coder Averil can\'t do anything without her parents knowing. That’s because her mom uses the Ruby Slippers surveillance app to check where she is, ',0,0,400.00,120.00),(16,'Preach It, Grace: A Girl\'s Testimony of Faith',3,'cd07','Sharing a pony worked perfectly, until it didn’t.The pony share Grace worked out with her elderly neighbor was ideal—she thought. Mr. Harvey bought the buckskin gelding’s food and Grace fed him. The pony was important to both of them so it made no sense w',0,0,300.00,250.00),(17,'Sunny Makes Her Case (Sunny, #5)',3,'cd08','The New York Times bestselling SUNNY series continues as Sunny finds herself in the spotlight in a competition unlike any other... Sunny is starting to understand the ins and outs of middle school... but she still feels more out than in. It\'s about classe',0,0,100.00,0.00),(18,'Hummingbird Season',3,'cd09','A poignant and necessary story about finding hope during difficult times, set in the early days of the Covid-19 pandemic. Archie\'s life--and the whole world--is turned upside down by Covid-19. Suddenly there are no more Friday night dinners out, no more g',0,0,350.00,100.00),(19,'Kitten Ninja',3,'cd10','Fans of comics, and heartwarming stories—not to mention cats!—will love Kitten Ninja, the origin story of the incredible Cat Ninja! Before Cat Ninja grew up and became Metro City’s greatest defender, he was tiny, adorable Kitten Ninja and he battled...muc',0,0,500.00,350.00),(20,'The Door That Had Never Been Open Before (How',3,'cd11','Mrs. & Mr. MacLeod, authors of the award winning How to Eat a Book, present a whimsical, thought-provoking picture book about coming face-to-face with the unknown. Beautifully illustrated and lyrically written, The Door That Had Never Been Opened Before h',0,0,450.00,300.00),(21,'Sally’s New Look (Sally’s Puppy Adventures, 2',3,'cd12','Sally is going to the groomer! Lovable pup Sally is looking a little shaggy, so her owners are taking her to the groomer. It smells like a garden and Sally sees brushes and bows galore. Then it\'s time for a bath. Once she\'s squeaky clean and blow-dried, S',0,0,350.00,100.00),(22,'Knife Drop: Creative Recipes Anyone Can Cook',7,'ck01','Home-cooked food doesn’t have to be over-the-top, fussy, or time-intensive to be absolutely amazing. In his debut cookbook, Nick DiGiovanni gives you the tools to become fearless in the kitchen and to create delicious meals.',0,0,800.00,500.00),(23,'Gordon Ramsay Quick and Delicious: 100 Recipe',7,'ck02','Create chef-quality food without spending hours in the kitchen -- these are the recipes and straightforward tips you need to make good food fast.',0,0,1000.00,500.00),(24,'Recipes from My Home Kitchen: Asian and Ameri',7,'ck03','Easy Vietnamese comfort food recipes from the winner of MasterChef Season 3.',0,0,750.00,425.00),(25,'As Cooked on TikTok: Fan favorites and recipe',7,'ck04','Featuring both viral and brand-new recipes from many of the community’s most beloved TikTok food creators!',0,0,600.00,480.00),(26,'Restaurant Gordon Ramsay: A Story of Excellen',7,'ck05','Arguably the best chef of his generation, and now a global superstar, over the course of his career Gordon Ramsay has built a restaurant empire, from Singapore to Las Vegas and from Bordeaux to Dubai. But alongside the new openings, tucked away in a quiet',0,0,600.00,480.00),(27,'Gordon Ramsay\'s Uncharted: A Culinary Adventu',7,'ck06','In the National Geographic television series Uncharted, chef Gordon Ramsay travels to some of the most remote locations on Earth in search of culinary inspiration, epic adventures, and cultural experiences. Experience his journey in this beautifully illus',0,0,900.00,245.00),(28,'Gordon Ramsay\'s Home Cooking: Everything You ',7,'ck07','Cook with confidence and find inspiration with Gordon Ramsay\'s fun, delicious recipes for novice cooks and experienced chefs alike.',0,0,1200.00,600.00),(29,'My Italian Kitchen: Favorite Family Recipes f',7,'ck08','WELCOME TO MY ITALIAN KITCHEN AND MY BIGGEST PASSION: FOOD.',0,0,400.00,0.00),(30,'My Modern American Table: Recipes for Inspire',7,'ck09','Viewers fell in love with Shaun O’Neale on season 7 of MasterChef. In his debut cookbook, O’Neale presents his take on modern American cuisine with international influences—it’s experimental, edgy, and full of big flavors.',0,0,600.00,0.00),(31,'Ramsay in 10',7,'ck10','Packed with recipes that are max 10 minutes to prep and 10 minutes to cook, RAMSAY IN 10 is your new everyday cookbook.',0,0,800.00,250.00),(32,'Gordon Ramsay\'s Healthy, Lean & Fit: Mouthwat',7,'ck11','The definitive guide to eating well to achieve optimum health and fitness, by one of the world\'s finest chefs and fitness fanatic, Gordon Ramsay.',0,0,600.00,345.00),(33,'Gordon Ramsay\'s Playing with Fire',7,'ck12','Not a sausage. That is what Gordon Ramsay had when he started out as a chef, working 16-hour days, 6 days a week. When he was struggling to get his first restaurant in the black, he didn\'t think he\'d be famous for a TV show about how to run profitable eateries, or that he\'d be head of a business empire. But he is, and he did. Here\'s how.',0,0,700.00,500.00),(34,'The Lost Bookshop: The most charming and upli',1,'ft01','Des: ‘The thing about books,’ she said ‘is that they help you to imagine a life bigger and better than you could ever dream of.’',0,0,600.00,300.00),(35,'The Housemaid',1,'ft02','“Welcome to the family,” Nina Winchester says as I shake her elegant, manicured hand. I smile politely, gazing around the marble hallway. Working here is my last chance to start fresh. I can pretend to be whoever I like. But I’ll soon learn that the Winchesters’ secrets are far more dangerous than my own…',0,0,500.00,400.00),(36,'The Heaven & Earth Grocery Store: A Novel',1,'ft03','The new novel from the bestselling, National Book Award-winning, Oprah Book Club-picked, Barack Obama favourite James McBride.',0,0,800.00,500.00),(37,'A Tempest of Tea (Blood and Tea, #1)',1,'ft04','Why save the world when you can have tea? On the streets of White Roaring, Arthie Casimir is a criminal mastermind and collector of secrets. Her prestigious tearoom transforms into an illegal bloodhouse by dark, catering to the vampires feared by society. But when her establishment is threatened, Arthie is forced to strike an unlikely deal with an alluring adversary to save it—and she can’t do the job alone. Calling on some of the city\'s most skilled outcasts, Arthie hatches a plan to infiltrate the siniste',0,0,100.00,0.00),(38,'The Book of Doors',1,'ft05','If you could open a door to anywhere, where would you go? In New York City, bookseller Cassie Andrews is living an unassuming life when she is given a gift by a favourite customer. It\'s a book - an unusual book, full of strange writing and mysterious drawings. And at the very front there is a handwritten message to Cassie, telling her that this is the Book of Doors, and that any door is every door . ',0,0,250.00,0.00),(39,'The Tainted Cup (Shadow of the Leviathan, #1)',1,'ft06','In Daretana’s most opulent mansion, a high Imperial officer lies dead—killed, to all appearances, when a tree spontaneously erupted from his body. Even in this canton at the borders of the Empire, where contagions abound and the blood of the Leviathans works strange magical changes, it’s a death at once terrifying and impossible. Called in to investigate this mystery is Ana Dolabra, an investigator whose reputation for brilliance is matched only by her eccentricities. At her side is her new assistant, Dinio',0,0,500.00,250.00),(40,'The Phoenix Crown',1,'ft07','From bestselling authors Janie Chang and Kate Quinn, a thrilling and unforgettable narrative about the intertwined lives of two wronged women, spanning from the chaos of the San Francisco earthquake to the glittering palaces of Versailles. San Francisco, 1906. In a city bustling with newly minted millionaires and scheming upstarts, two very different women hope to change their fortunes: Gemma, a golden-haired, silver-voiced soprano whose career desperately needs rekindling, and Suling, a petite and resolute',0,0,800.00,0.00),(41,'The Warm Hands of Ghosts',1,'ft08','During the Great War, a combat nurse searches for her brother, believed dead in the trenches despite eerie signs that suggest otherwise, in this hauntingly beautiful historical novel with a speculative twist from the New York Times bestselling author of The Bear and the Nightingale January 1918. Laura Iven was a revered field nurse until she was wounded and discharged from the medical corps, leaving behind a brother still fighting in Flanders.',0,0,500.00,250.00),(42,'Wandering Stars',1,'ft09','The eagerly awaited follow-up to Pulitzer Prize-finalist Tommy Orange’s breakout best seller There There —winner of the PEN/Hemingway Award, the John Leonard Prize, the American Book Award, and one of the New York Times 10 Best Books of 2018— Wandering Stars traces the legacies of the Sand Creek Massacre of 1864 and the Carlisle Indian Industrial School through to the shattering aftermath of Orvil Red Feather’s shooting in There There. Colorado, 1864. Star, a young survivor of the Sand Creek Massacre, is br',0,0,250.00,100.00),(43,'The Fox Wife',1,'Ft10','Some people think foxes are similar to ghosts because we go around collecting qi, or life force, but nothing could be further than the truth. We are living creatures, just like you, only usually better looking . . . Manchuria, 1908. A young woman is found frozen in the snow.',0,0,300.00,0.00),(44,'The Hidden Life of Cecily Larson',1,'ft11','Orphan Train meets Before We Were Yours meets Water for Elephants in this compelling multigenerational novel of survival, love, and the families we make. In 1924, four-year-old Cecily Larson’s mother reluctantly drops her off at an orphanage in Chicago, promising to be back once she’s made enough money to support both Cecily and herself. But she never returns, and shortly after high-spirited Cecily turns seven, she is sold to a traveling circus to perform as the “little sister” to glamorous bareback rider I',0,0,900.00,689.00),(45,'The Things We Didn’t Know',1,'ft12','The inaugural winner of Simon & Schuster’s Books Like Us contest, Elba Iris Pérez’s lyrical, cross-cultural coming-of-age debut novel explores a young girl’s childhood between 1950s Puerto Rico and a small Massachusetts factory town. Andrea Rodríguez is nine years old when her mother whisks her and her brother, Pablo, away from Woronoco, the tiny Massachusetts factory town that is the only home they’ve known. With no plan and no money, she leaves them with family in the mountainside villages of Puerto Rico ',0,0,800.00,0.00),(46,'Four Thousand Weeks : Embrace your limits. Ch',6,'pd01','What if you tried to stop doing everything, so you could finally get round to what counts?',0,0,250.00,120.00),(47,'The Minimalist Entrepreneur : How Great Found',6,'pd02','-',0,0,500.00,0.00),(48,'The 7 Habits of Highly Effective People : 30t',6,'pd03','\"This beloved classic presents a principle-centered approach for solving both personal and professional problems. With penetrating insights and practical anecdotes, Stephen R. Covey reveals a step-by-step pathway for living with fairness, integrity, honesty, and human dignity, principles that give us the security to adapt to change and the wisdom and power to take advantage of the opportunities that change creates\"--',0,0,450.00,300.00),(49,'How to Win Friends and Influence People',6,'pd04','Provides suggestions for successfully dealing with people both in social and business situations',0,0,500.00,0.00),(50,'The Miracle Morning : The 6 Habits That Will ',6,'pd05','What\'s being widely regarded as \"one of the most life changing books ever written\" may be the simplest approach to achieving everything you\'ve ever wanted, and faster than you ever thought possible',0,0,550.00,250.00),(51,'Chasing Excellence: A Story About Building th',6,'pd06','CrossFit trainer Ben Bergeron has helped build the world’s fittest athletes, but he’s not like other coaches. He believes that greatness is not for the elite few; that winning is a result, not a goal; and that character, not talent, is what makes a true champion. His powerful philosophy can help anyone excel at all aspects of life.',0,0,600.00,0.00),(52,'The Success Principles : How to Get from Wher',6,'pd07','A self-improvement guide shares sixty-seven principles and practices to increase confidence, tackle daily challenges, live with passion and purpose, and reach desired goals.',0,0,450.00,0.00),(53,'What Got You Here Won\'t Get You There : How S',6,'pd08','-',0,0,699.00,0.00),(54,'ATOMIC HABITS: AN EASY AND PROVEN WAY TO BUIL',6,'pd09','People think when you want to change your life, you need to think big. But world-renowned habits expert James Clear has discovered another way. He knows that real change comes from the compound effect of hundreds of small decisions – doing two push-ups a day, waking up five minutes early, or holding a single short phone call.',0,0,999.00,0.00),(55,'The Millionaire Fastlane : Crack the Code to ',6,'pd10','Is the financial plan of mediocrity -- a dream-stealing, soul-sucking dogma known as \"The Slowlane\" your plan for creating wealth? You know how it goes; it sounds a little something like this: \"Go to school, get a good job, save 10% of your paycheck, buy a used car, cancel the movie channels, quit drinking expensive Starbucks lattes, save and penny-pinch your life away, trust your life-savings to the stock market, and one day, when you are oh, say, 65 years old, you can retire rich.\" The mainstream financia',0,0,369.00,0.00),(56,'The E-Myth Revisited : Why Most Small Busines',6,'pd11','The totally revised edition of a groundbreaking bestseller, first published in 1986, provides information and guidance in starting and maintaining a small business or franchise in the 1990s.',0,0,459.00,0.00),(57,'The Entrepreneur Roller Coaster : Its Your Tu',6,'pd12','-',0,0,669.00,559.00),(58,'Supercommunicators: How to Unlock the Secret ',2,'nf01','From the New York Times bestselling author of The Power of Habit, a fascinating exploration of what makes conversations work, and how we can all learn to be supercommunicators at work and in life. Come inside a jury room as one juror leads a starkly divided room to consensus. Join a young CIA officer as he recruits a reluctant foreign agent. And sit with an accomplished surgeon as he tries, and fails, to convince yet another cancer patient to opt for the less risky course of treatment. In Supercommunicators',0,0,759.00,559.00),(59,'My Side of the River',2,'nf02','Elizabeth Camarillo Gutierrez reveals her experience as the U.S. born daughter of immigrants and what happened when, at fifteen, her parents were forced back to Mexico in this galvanizing yet tender memoir. Born to Mexican immigrants south of the Rillito River in Tucson, Arizona, Elizabeth had the world at her fingertips as she entered her freshman year of high school as the number one student. But suddenly, Elizabeth\'s own country took away the most important right a child has: a right to have a family. ',0,0,949.00,0.00),(60,'Grief Is for People',2,'nf03','Following the death of her closest friend, Sloane Crosley explores multiple kinds of loss in this disarmingly witty and poignant memoir. Grief Is for People is a deeply moving and surprisingly suspenseful portrait of friendship and a book about loss packed with verve for life. Sloane Crosley is one of our most renowned observers of contemporary behavior, and now the pathos that has been ever present in her trademark wit is on full display. ',0,0,749.00,0.00),(61,'Troubled: A Memoir of Foster Care, Family, an',2,'nf04','In this raw coming-of-age memoir, in the vein of The Short and Tragic Life of Robert Peace, The Other Wes Moore, and Someone Has Led This Child to Believe, Rob Henderson vividly recounts growing up in foster care, enlisting in the US Air Force, attending elite universities, and pioneering the concept of “luxury beliefs”—ideas and opinions that confer status on the upper class while inflicting costs on the less fortunate. Rob Henderson was born to a drug-addicted mother and a father he never met, ultimately ',0,0,159.00,0.00),(62,'All in Her Head: The Truth and Lies Early Med',2,'nf05','The fascinating history of women’s health as it’s never been told before. For as long as medicine has been a practice, women\'s bodies have been treated like objects to be practiced on: examined and ignored, idealized and sexualized, shamed, subjugated, mutilated, and dismissed. The history of women’s healthcare is a story in which women themselves have too often been voiceless—a narrative instead written from the perspective of men who styled themselves as authorities on the female of the species, yet uninf',0,0,329.00,0.00),(63,'Splinters',2,'nf06','From the New York Times bestselling author of The Recovering and The Empathy Exams comes the riveting story of rebuilding a life after the end of a marriage—an exploration of motherhood, art, and new love.   Leslie Jamison has become one of our most beloved contemporary voices, a scribe of the real, the true, the complex. She has been compared to Joan Didion and Susan Sontag, acclaimed for her powerful thinking, deep feeling, and electric prose. ',0,0,429.00,0.00),(64,'The Secret History of Bigfoot',2,'nf07','From the shrouded forests of the Pacific Northwest to off-the-wall cryptozoological conventions, one man searches high and low for the answer to the real or not, why do we want to believe? Journalist and writer John O\'Connor takes readers on a narrative quest through the American wilds in search of Bigfoot, its myth and meaning. Inhabited by an eccentric cast of characters – reputable men of science and deluded charlatans alike – the book explores the zany and secretive world of \"cryptozoology,\" tracking Bi',0,0,329.00,0.00),(65,'Why We Read: On Bookworms, Libraries, and Jus',2,'nf08','A hilarious and incisive exploration of the joys of reading from a teacher, bibliophile and Thurber Prize finalist We read to escape, to learn, to find love, to feel seen. We read to encounter new worlds, to discover new recipes, to find connection across difference, or simply to pass a rainy afternoon. No matter the reason, books have the power to keep us safe, to challenge us, and perhaps most importantly, to make us more fully human. Shannon Reed, a longtime teacher, lifelong reader, and New Yorker contr',0,0,259.00,129.00),(66,'How to Win Friends and Influence Fungi: Colle',2,'nf09','The co-founders of the global science organization Nerd Nite bring readers a collection of wacky, yet fascinating STEM topics. For twenty years Nerd Nite has delivered to live audiences around the world the most interesting, fun, and informative presentations about science, history, the arts, pop culture, you name it. There hasn’t been a rabbit hole that their army of presenters hasn’t been afraid to explore.',0,0,369.00,0.00),(67,'Alphabetical Diaries',2,'nf10','A thrilling confessional from the award-winning, beloved author of Pure Colour. Sheila Heti kept a record of her thoughts over a ten-year period, then arranged the sentences from A to Z. Passionate and reflective, joyful and despairing, these are her alphabetical diaries.',0,0,559.00,0.00),(68,'Bad Therapy: Why the Kids Aren\'t Growing Up',2,'nf11','In virtually every way that can be measured, Gen Z\'s mental health is worse than that of previous generations. Youth suicide rates are climbing, antidepressant prescriptions for children are common, and the proliferation of mental health diagnoses has not stopped the trend. ',0,0,659.00,0.00),(69,'Whiskey Tender: A Memoir',2,'nf12','Reminiscent of the works of Mary Karr and Terese Marie Mailhot, a memoir of family and survival, coming-of-age on and off the reservation, and of the frictions between mainstream American culture and Native inheritance; assimilation and reverence for tradition. Deborah Jackson Taffa was raised to believe that some sacrifices were necessary to achieve a better life. ',0,0,888.00,0.00),(70,'Dear Self',9,'p01','-',0,0,129.00,0.00),(71,'A Gentle Reminder',9,'p02','A gentle reminder, for the days you feel light in this world, and for the days in which the sun rises a little slower. A gentle reminder for when your heart is full of hope, and for when you are learning how to heal it. A gentle reminder for when you finally begin to trust in the goodness, and for when you need the kind of words that hug your broken pieces back together.',0,0,589.00,0.00),(72,'The sun will rise and so will we',9,'p03','-',0,0,999.00,0.00),(73,'No Idea What I\'m Doing But F*ck It',9,'p04','-',0,0,666.00,500.00),(74,'Milk and Honey',9,'p05','milk and honey is a collection of poetry and prose about survival. About the experience of violence, abuse, love, loss and femininity.',0,0,789.00,0.00),(75,'The moon will shine for us too',9,'p06','-',0,0,555.00,0.00),(76,'The Way Forward',9,'p07','The #1 New York Times bestselling poet returns with his most ambitious collection yet. In this third and final installment of his poetic trilogy, Yung Pueblo expands upon favourite themes while guiding readers further, toward a life lived authentically, intuitively, and in harmony with others.',0,0,720.00,500.00),(77,'Clarity & Connection (The Inward Trilogy)',9,'p08','From the celebrated author of Inward comes the second in series, a collection of poetry and short prose focused on understanding how past wounds impact our present relationships.',0,0,670.00,0.00),(78,'Please Love Me at My Worst',9,'p09','TikTok creator Michaela Angemeer explores connecting with your inner child, loving the worst parts of yourself, coming out as bisexual, and focusing on self-growth in her much-anticipated poetry collection.',0,0,320.00,120.00),(79,'The Strength In Our Scars',9,'p10','The Strength In Our Scars is Bianca Sparacino’s reminder to you: No matter what you’re going through, no matter where you are on your healing journey—you are strong.',0,0,640.00,0.00),(80,'All That You Deserve',9,'p11','-',0,0,999.00,0.00),(81,'Everything You\'ll Ever Need',9,'p12','-',0,0,720.00,0.00),(82,'Dopamine Nation : Finding Balance in the Age ',5,'rf01','The New York Times bestselling psychology book on how to find contentment by keeping dopamine in check.',0,0,1290.00,0.00),(83,'Sapiens: A Brief History of Humankind',5,'rf02','Discover the book that inspired Gareth Southgate\'s leadership style.',0,0,649.00,0.00),(84,'The Selfish Gene : 40th Anniversary edition (',5,'rf03','The 40th anniversary edition of the million copy international bestseller, with a new epilogue from the author. As relevant and influential today as when it was first published, this classic exposition of evolutionary thought, widely hailed for its stylistic brilliance and deep scientific insights, stimulated whole new areas of research.',0,0,369.00,0.00),(85,'Ocean Anatomy : The Curious Parts & Pieces of',5,'rf04','Julia Rothman, acclaimed illustrator and creator of the best-selling Anatomy series, explores the world beneath the waves in Ocean Anatomy, with illustrations and examinations of everything from tides and currents to fish, sharks, seaweeds, coral reefs, seals, and more.',0,0,429.00,0.00),(86,'Classical Mechanics : The Theoretical Minimum',5,'rf05','Combining crystal-clear explanations of the laws of the universe with basic exercises (including essential equations and maths), this book covers the minimum that readers should master.',0,0,500.00,300.00),(87,'Nature Anatomy : The Curious Parts and Pieces',5,'rf06','An illustrated invitation to become a student of the nature world, the second book in Julia Rothman\'s Anatomy series captures nature\'s wonders from mosses to mountain lions to the phases of the moon.',0,0,799.00,699.00),(88,'Ie First Aid For The Usmle Step 1 2023, 33E',5,'rf07','-',0,0,779.00,429.00),(89,'Medical School Interviews: a Practical Guide ',5,'rf08','Contains up-to-date NHS issues and extensive information on the MMI process. Presents a look at over 150 medical school interview questions. This book provides with techniques to address various types of questions, analyses good and bad examples of answers, teaches you how to add depth to your answers.',0,0,649.00,400.00),(90,'Farm Anatomy : The Curious Parts and Pieces o',5,'rf09','Popular illustrator Julia Rothman presents a colourfully entertaining visual tour of the parts of the farm and of the animals and activities found there, dissecting everything from cows, pigs, and roosters to the farmer\'s breakfast, crop rotation patterns, tractors and tools, and much, much more.',0,0,729.00,500.00),(91,'Brain Gym : 40 workouts to boost your brain h',5,'rf10','Train your brain for emotional wellbeing: feel happier and more productive with 40 science-based brain workouts',0,0,429.00,329.00),(92,'The Silk Roads : A New History of the World',5,'rf11','For centuries, fame and fortune was to be found in the west - in the New World of the Americas. Today, it is the east which calls out to those in search of adventure and riches. The region stretching from eastern Europe and sweeping right across Central Asia deep into China and India, is taking centre stage in international politics, commerce and culture - and is shaping the modern world. This region, the true centre of the earth, is obscure to many in the English-speaking world. Yet this is where civilizat',0,0,669.00,429.00),(93,'How Not to Die : Discover the Foods Scientifi',5,'rf12','Simple nutritional advice for beating the most common diseases and living longer.',0,0,710.00,610.00),(94,'I Love You So Much It\'s Killing Us Both',4,'nv01','Susan Choi’s Trust Exercise meets Nick Hornby’s High Fidelity in a Black woman’s coming-of-age story, chronicling a life-changing friendship, the interplay between music fandom and identity, and the slipperiness of sanity Set in the suburbs of Los Angeles and New York City, I Love You So Much It’s Killing Us Both is an immersive journey into the life and mind of Khaki Oliver, who’s perennially trying to disappear into something: a codependent friendship, an ill-advised boyfriend, the punk scene, or simply, ',0,0,299.00,0.00),(95,'Ours',4,'nv02','An epic novel set in mid-nineteenth-century America about the spiritual costs of a freedom that demands fierce protection In this ingenious, sweeping novel, Phillip B. Williams introduces us to an enigmatic woman named Saint, a fearsome conjuror who, in the 1830s, annihilates plantations all over Arkansas to rescue the people enslaved there. She brings those she has freed to a haven of her own a town just north of St. Louis, magically concealed from outsiders, named Ours. It is in this miraculous place that',0,0,120.00,0.00),(96,'Parasol Against the Axe',4,'nv03','The prize-winning, bestselling author of Peaces and Gingerbread returns with a novel about competitive friendship, the elastic boundaries of storytelling, and the meddling influence of a city called Prague In Helen Oyeyemi’s joyous new novel, the Czech capital is a living thing—one that can let you in or spit you out. For reasons of her own, Hero Tojosoa accepts an invitation she was half expected to decline, and finds herself in Prague on a bachelorette weekend hosted by her estranged friend Sofie. ',0,0,559.00,429.00),(97,'King Nyx',4,'nv04','From the author of the contemporary cult classic, Lives of the Monster Dogs , comes a haunting mystery about the fate of women and girls in the orbit of self-important men. Set in November 1918 on the opulent, castle-like island estate of an eccentric millionaire, Claude Arkel, this atmospheric, compellingly readable novel reimagines the life of Anna Filing Fort―whose husband, Charles Hoy Fort, was the most famous “anomalist” of the early twentieth century. Settling in as guests on Prosper Island, the young',0,0,300.00,125.00),(98,'The Lost Ones (The Dark Ascension Series, #2)',4,'nv05','Journey to Never Land in the second book in the Disney Villains-focused Dark Ascension series, which shares the untold story of teenaged Captain Hook and his twin sister Marlene, penned by New York Times bestselling author Lauren DeStefano. Before Captain Hook became Never Land’s villain, there were two siblings seeking a home . . . James and Marlene have always felt out of place in their humdrum fishing village, longing to escape the quiet lives their parents envision for them. But when Marlene’s birthday ',0,0,780.00,500.00),(99,'Dune : now a major blockbuster film [Paperbac',4,'nv06','Before The Matrix, before Star Wars, before Ender\'s Game and Neuromancer, there was Dune: winner of the prestigious Hugo and Nebula awards, and widely considered one of the greatest science fiction novels ever written.',0,0,650.00,0.00),(100,'Dune (Regular Edition) [Paperback]',4,'nv07','Follows the adventures of Paul Atreides, the son of a betrayed duke given up for dead on a treacherous desert planet and adopted by its fierce, nomadic people, who help him unravel his most unexpected destiny.',0,0,650.00,0.00),(101,'Dune Messiah [Paperback]',4,'nv08','The story begun in Frank Herbert\'s classic novel Dune continues with Dune Messiah, an extraordinary novel about the price of victory and the cost of war.',0,0,650.00,400.00),(102,'Before the Coffee Gets Cold [Paperback]',4,'nv09','A beautiful, moving story about a small Japanese cafe that offers its visitors the chance to travel back in time. For fans of The Guest Cat and If Cats Disappeared from the World.',0,0,429.00,0.00),(103,'Solo Leveling, Vol. 8',4,'nv10','Sweeping the ants on Jeju Island put Jinwoo on the map. The top guilds in Korea are all clamoring to recruit Jinwoo—but why join one when he can establish his own?',0,0,369.00,0.00),(104,'Investigators: Agents of S.U.I.T.: from Badge',4,'nv11','-',0,0,425.00,0.00),(105,'Twisted Love : the must-read brother\'s best f',4,'nv12','The start of an addictive new adult romance series from TikTok sensation, Ana Huang',0,0,300.00,125.00),(106,'Picos de Europa Guide: 25 long and short walk',8,'tv01','The go-to Picos de Europa travel guide for discovering the best walks and car tours. Strap on your boots and discover Picos de Europa on foot with the Sunflower Picos de Europa travel guide which includes 25 long and short walks. On the days when your feet may have had enough, enjoy some spectacular scenery on recommended car tour.',0,0,450.00,300.00),(107,'Lanzarote Guide: 68 long and short walks with',8,'tv02','Strap on your boots and discover Lanzarote on foot with the Sunflower Lanzarote travel guide which includes 68 long and short walks. On the days when your feet may have had enough, enjoy some spectacular scenery on one of our 3 recommended car tours.',0,0,800.00,500.00),(108,'Lonely Planet Pocket Kyoto & Osaka',8,'tv03','Lonely Planet\'s Pocket Kyoto & Osaka is your guide to the city\'s best experiences and local life - neighbourhood by neighbourhood. Marvel at Kinkaku-ji, explore the Gion district, and browse at Nishiki Market; all with your trusted travel companion. Uncover the best of Kyoto & Osaka and make the most of your trip!',0,0,250.00,0.00),(109,'Lonely Planet Georgia, Armenia & Azerbaijan',8,'tv04','Lonely Planet\'s Georgia, Armenia & Azerbaijan is your passport to the most relevant, up-to-date advice on what to see and skip, and what hidden discoveries await you. Hike in Tusheti, explore Goris, and discover Baku; all with your trusted travel companion. Get to the heart of Georgia, Armenia & Azerbaijan and begin your journey now!',0,0,600.00,300.00),(110,'Lonely Planet Tasmania',8,'tv05','Lonely Planet\'s Tasmania is your passport to the most relevant, up-to-date advice on what to see and skip, and what hidden discoveries await you. Hike Cradle Mountain, discover historic Port Arthur, and raft the Franklin River; all with your trusted travel companion. Get to the heart of Tasmania and begin your journey now!',0,0,400.00,200.00),(111,'Costa Rica Eyewitness',8,'tv06','Welcome to Costa Rica - unmatched in beauty and biodiversity',0,0,300.00,250.00),(112,'Sicily Flexi Map',8,'tv07','Insight Guides Flexi Map Sicily',0,0,250.00,0.00),(113,'The Cretan Way - A 28 Day Walk',8,'tv08','The Cretan Way is a 500km walking route which takes you from east to west across the varied and spectacular landscapes of Crete.',0,0,400.00,200.00),(114,'Sikkim and the Darjeeling Hills quick guide a',8,'tv09','Sikkim and the Darjeeling Hills \'quick guide and map\'. Heavily illustrated map of the Sikkim and Darjeeling area.',0,0,500.00,250.00),(115,'The Shetland Guide Book',8,'tv10','Completely new edition of the popular Shetland Guide Book by Charles Tait. Fully updated, with all the features of his latest guide books. Over 700 Charles Tait photographs. Suggested Itineraries, Nature, Archaeology, History, detailed Gazetteer. Hundreds of new photographs.',0,0,749.00,500.00),(116,'The Peloponnese - Greece - Bradt Guide',8,'tv11','Greece: the Peloponnese Travel Guide - Travel information and holiday advice including Corinth and the Argolid highlights, ancient history and archaeological sites. Also features recommended walks and skiing, beaches and resorts, museums, Mycenae, Argos, Laconia, Sparta, Messinia, Kalamata, Arcadia, Tripoli, Byzantine churches and medieval forts.	',0,0,450.00,300.00),(117,'Northern Italy: Emilia-Romagna',8,'tv12','Emilia-Romagna Travel Guide - Travel information and holiday advice featuring Bologna, Ferrara, Modena, Parma, Ravenna, Rimini and the Republic of San Marino. Also included are art towns, beaches, accommodation, restaurants, Fico Eataly, local food and culture, history, architecture, maps, the Po Plain, Apennines, skiing and Italian cars.',0,0,350.00,0.00);
/*!40000 ALTER TABLE `product_table` ENABLE KEYS */;
UNLOCK TABLES;

--
-- Table structure for table `register_table`
--

DROP TABLE IF EXISTS `register_table`;
/*!40101 SET @saved_cs_client     = @@character_set_client */;
/*!50503 SET character_set_client = utf8mb4 */;
CREATE TABLE `register_table` (
  `user_id` int NOT NULL AUTO_INCREMENT,
  `user_name` varchar(30) NOT NULL,
  `password` varchar(45) NOT NULL,
  `permission` int DEFAULT '1',
  PRIMARY KEY (`user_id`,`user_name`,`password`),
  KEY `user_name_idx` (`user_name`)
) ENGINE=InnoDB AUTO_INCREMENT=33 DEFAULT CHARSET=utf8mb4 COLLATE=utf8mb4_0900_ai_ci;
/*!40101 SET character_set_client = @saved_cs_client */;

--
-- Dumping data for table `register_table`
--

LOCK TABLES `register_table` WRITE;
/*!40000 ALTER TABLE `register_table` DISABLE KEYS */;
INSERT INTO `register_table` VALUES (1,'chawanakorns','12345',2),(2,'chawanakornsan','1234567890',1),(3,'pattaradanai','1234567890',1),(6,'dd','ddddd',1),(14,'pattaradanai1234','1234567890',1),(16,'goddog','12345',1),(17,'dawg','1234',1),(18,'helloBoi','12345',1),(19,'goodDogGG','123456',1),(20,'dawggg','12345',1),(21,'goodDogw','12345',1),(22,'12345','12345',2),(23,'asddd','1234',1),(24,'brodd','1234',1),(25,'asddddd','1234',1),(26,'jjkung','12345',1),(27,'jjkungth','12345',1),(28,'jjkungtht','12345',1),(29,'jjkungza','12345',1),(30,'jjkungza','1234',1),(31,'jjkungzaza','1234',1),(32,'jjkungzazaza','1234',1);
/*!40000 ALTER TABLE `register_table` ENABLE KEYS */;
UNLOCK TABLES;

--
-- Table structure for table `salehistory_table`
--

DROP TABLE IF EXISTS `salehistory_table`;
/*!40101 SET @saved_cs_client     = @@character_set_client */;
/*!50503 SET character_set_client = utf8mb4 */;
CREATE TABLE `salehistory_table` (
  `bill_id` int NOT NULL AUTO_INCREMENT,
  `bill_date` timestamp NOT NULL DEFAULT CURRENT_TIMESTAMP,
  `product_id` int NOT NULL,
  `order_id` int NOT NULL,
  PRIMARY KEY (`bill_id`),
  KEY `product_id_idx` (`product_id`),
  KEY `order_id_idx` (`order_id`)
) ENGINE=InnoDB AUTO_INCREMENT=34 DEFAULT CHARSET=utf8mb4 COLLATE=utf8mb4_0900_ai_ci;
/*!40101 SET character_set_client = @saved_cs_client */;

--
-- Dumping data for table `salehistory_table`
--

LOCK TABLES `salehistory_table` WRITE;
/*!40000 ALTER TABLE `salehistory_table` DISABLE KEYS */;
INSERT INTO `salehistory_table` VALUES (23,'2024-03-19 00:22:42',8,38),(24,'2024-03-19 00:26:46',9,39),(25,'2024-03-19 00:31:34',4,40),(26,'2024-03-19 00:32:07',3,41),(27,'2024-03-19 00:43:55',6,42),(28,'2024-03-21 09:40:58',1,61),(29,'2024-03-21 09:41:33',4,60),(30,'2024-03-21 09:41:51',4,59),(31,'2024-03-21 09:51:32',9,58),(32,'2024-03-21 23:23:02',4,43),(33,'2024-03-22 08:44:32',117,72);
/*!40000 ALTER TABLE `salehistory_table` ENABLE KEYS */;
UNLOCK TABLES;

--
-- Table structure for table `session_table`
--

DROP TABLE IF EXISTS `session_table`;
/*!40101 SET @saved_cs_client     = @@character_set_client */;
/*!50503 SET character_set_client = utf8mb4 */;
CREATE TABLE `session_table` (
  `session_id` varchar(255) NOT NULL,
  `user_name` varchar(30) NOT NULL,
  `time` timestamp NULL DEFAULT CURRENT_TIMESTAMP,
  `description` varchar(45) DEFAULT NULL,
  PRIMARY KEY (`session_id`,`user_name`),
  KEY `user_name_idx` (`user_name`),
  CONSTRAINT `user_name` FOREIGN KEY (`user_name`) REFERENCES `register_table` (`user_name`) ON DELETE RESTRICT ON UPDATE CASCADE
) ENGINE=InnoDB DEFAULT CHARSET=utf8mb4 COLLATE=utf8mb4_0900_ai_ci;
/*!40101 SET character_set_client = @saved_cs_client */;

--
-- Dumping data for table `session_table`
--

LOCK TABLES `session_table` WRITE;
/*!40000 ALTER TABLE `session_table` DISABLE KEYS */;
INSERT INTO `session_table` VALUES ('_egmPbtJMlW_Z8BHTvMW9nUMWswCcf3y','chawanakorns','2024-03-18 10:01:31','Logged out'),('_LsTA3u4DrGmf-6JSUBHBIQ0VYu6Xarh','12345','2024-03-22 00:46:22','Logged in'),('_vEcKkrhU4xnHhqvL85rwIukFkzUHmFP','chawanakorns','2024-03-23 05:07:05','Logged in'),('-IPID5uS5XMWuO15MMH8EH8J1Z_Npi9_','chawanakorns','2024-03-23 05:31:27','Logged in'),('-tcNy1dpPRnODufNoZ4M26Yvw6rwVfju','12345','2024-03-22 06:29:45','Logged in'),('-TKrUrPV4XdnUtAU3gLFYckK4hL3kHL4','asddd','2024-03-18 06:33:23','Logged in'),('078PTId2vCkImQf6J9oLZe140bUEzKjQ','12345','2024-03-22 23:42:31','Logged in'),('0hYq39gJWCdx1pb7IrdGrfmMNYn3pvWA','chawanakorns','2024-03-23 04:17:06','Logged in'),('0mRVuj8h51y_Dp1cTU2Azqd1YyU6yU_k','asddd','2024-03-21 07:18:28','Logged in'),('2Cx5U_Ccn2s904-qqHNkFZjR-a3J-suq','asddd','2024-03-18 07:45:40','Logged in'),('3Q_D27wdKSTzSUYP9i33gaPBKYIow--b','jjkungza','2024-03-24 00:39:49','Logged in'),('4IT2xFlLjEXRYrBA5UIWoOymvfLbWsHf','chawanakorns','2024-03-23 05:14:01','Logged in'),('4JtA_ANEtvbZeuRsUQDYJIy395J3eVnN','asddd','2024-03-21 08:34:43','Logged in'),('4SjYxeUFNuzlc2HTGu8Goc8eL7dy6RSw','12345','2024-08-07 05:10:18','Logged in'),('6-D61qOMfJ6kVMMwGe3Hs5uSbJVCl2Io','chawanakorns','2024-03-23 04:11:49','Logged in'),('6FxSEDclv5SK0J2r-BTtYBYmxJsQ9Ya0','chawanakorns','2024-03-23 04:33:37','Logged in'),('7bYmJRwqsKhAfLGp39WgCp_x0Y8-i0ly','asddd','2024-03-18 07:16:30','Logged in'),('aBp2kaWWUf4sdMwxqVU9aLMf2b-I6MOb','helloBoi','2024-03-18 06:08:10','Logged in'),('AbShMkCNQ0bPH8NHFvBSHXiHxLn4nhTM','chawanakorns','2024-03-21 21:57:40','Logged in'),('avTsi4-Azbve9aZE6RC57Jpgf_OdVLQz','12345','2024-03-21 22:27:43','Logged out'),('aWAuXLnX1pOHWbuWpUcLxM6J-VGiFggY','asddd','2024-03-18 07:31:58','Logged in'),('b5N3ma7uos90LHGIyC4lxDDzF_0K9roe','asddd','2024-03-21 22:08:37','Logged in'),('BChzQBx9c0LIXS8USIHp3qHcYtRZuy3V','chawanakorns','2024-03-23 04:46:58','Logged in'),('BFJyWZXJP_yWVxaudhFTcqJPgMH4BxE3','chawanakorns','2024-03-23 04:05:35','Logged in'),('bhJAvI8EpCiILwgT1JC1c3t33Z0I_KSj','chawanakorns','2024-03-24 00:10:51','Logged in'),('buGItDpB8ZOtEz2xq6dZhuM1AU0bUZV7','asddd','2024-03-18 08:39:59','Logged in'),('CBK8hsi0YIXYb8bZw7Xl6M8wUPtV5sTT','helloBoi','2024-03-18 05:50:36','Logged out'),('CehhlYkBKQ6f2M9tLj28Gh7zQv_XljR-','asddd','2024-03-21 10:33:45','Logged in'),('cKe3lmADoaJaDhDGFZ8zB1VjnLJufWCT','asddd','2024-03-21 09:08:25','Logged in'),('cMt4_XaCCwWDXJplVBMxQYvxVMvB4Bzo','asddd','2024-03-18 08:15:50','Logged in'),('cn3NuaMEGGlncgB0btRB0GGbLPJ5bRw9','chawanakorns','2024-03-23 04:14:05','Logged in'),('cZINoSwAhzCeEKl6QTx-CEroUb1DhAA4','asddd','2024-03-18 08:41:00','Logged in'),('D9xKUFo2Ch3tCuqrEaI_HljrDUeMs2J3','asddd','2024-03-18 07:13:38','Logged in'),('DTdNrpI7JQjaLrW6CK1dL9freZi4csFb','chawanakorns','2024-03-23 05:21:59','Logged in'),('DwCc2srsTEGdC0oa9XCcif_fdEeBQkBY','asddd','2024-03-21 06:29:42','Logged in'),('eGkFGU6_gof5DyG5ffdHIBdzy_V65Se8','chawanakorns','2024-03-23 04:50:21','Logged in'),('eXP3MwzqhcQYdDquKaBOKfE5EhArgzED','chawanakorns','2024-02-29 05:46:54','Logged out'),('ezWplDoq8uH_lXV62rIMbXrxIGv11so1','chawanakorns','2024-03-20 05:31:58','Logged in'),('F_TSHqGz7KXyS8tQMIlhxo5lQGipIaD8','asddd','2024-03-21 06:22:14','Logged in'),('FS_QZ5KY2FPs0JdDVthTWG74EpTr_wYu','asddd','2024-03-21 09:02:10','Logged in'),('ftDmpTvijOi-Tn9gOZKvMC3RHQN6cun_','dawggg','2024-03-18 06:22:05','Logged in'),('fuEKjXnvBP_EYSaOKdt-PxvY0HGkg3F1','12345','2024-08-07 05:16:33','Logged in'),('FwlC_onBH2MvI6e2sgVZ_3phVeuDM6p-','jjkungzaza','2024-03-24 00:53:16','Logged in'),('FxbrA_QCWshcaeScnwmLEFydiqdlmdOR','chawanakorns','2024-03-24 00:05:49','Logged in'),('fz2nzzZGVkTXhKayh4hMqVZ5MHE7nbLg','chawanakorns','2024-03-22 08:41:53','Logged out'),('g_gKscI80liXM8WdSErQAp377cPxI4Yw','asddd','2024-03-18 08:44:13','Logged out'),('GBDQ6Mmx14_3UqOKDb5xr-SGlcXRSUYz','12345','2024-03-24 23:50:27','Logged in'),('Gd2Xs4kmW5aURCK73WM7Ct2seyEXfAQZ','asddd','2024-03-21 08:36:54','Logged in'),('giOppXfB5_CD7F_mdB_QhIs7CE1dKFZV','helloBoi','2024-03-18 06:04:37','Logged in'),('GVrWUwX4h_CwhfDA7xo9hpIZfREKfRfQ','asddd','2024-03-18 08:56:51','Logged out'),('H5zDT1ra3Mc3nRyBfeB7M2X1jcJpk8q-','chawanakorns','2024-03-23 04:24:43','Logged in'),('HIuHE2aU4AxAeZAAWTcT1WsGIh8ZwPQl','chawanakorns','2024-03-23 04:49:03','Logged in'),('hJ0a68gjVN7Vc3QZL8HRJ3TT8FYj_vbO','chawanakorns','2024-03-20 09:40:24','Logged in'),('hJb1yEkqOOQt5-KpIHF4XDbGNC8z5FuY','asddd','2024-03-18 08:38:59','Logged in'),('hRe-j5mbx70vmdCgXKpiudVXVU4Ud0dA','asddd','2024-03-21 06:27:00','Logged in'),('HVvEkRtHHao5_amnd_A6hvJ3wDApcUDH','asddd','2024-03-21 08:58:46','Logged in'),('HzLaub1Fyj0Mm4BxZ5tLcdy1QnqAbOd-','asddd','2024-03-21 06:02:50','Logged in'),('i4BJqTFywrfM8TMYysvxNGCLkXKKosUx','asddd','2024-03-18 09:11:20','Logged in'),('IDKxZG92myrx7AqljRWKfUakAaHRrCoO','asddd','2024-03-18 08:18:55','Logged in'),('iOav_kQjHpw-iAEkthv9C0nbVFuakFqr','asddd','2024-03-18 08:42:30','Logged in'),('IqOE-0cB6sfgggwWua1BCh8arzsMsx7v','chawanakorns','2024-03-23 04:28:50','Logged in'),('iwXsL8TCaHdGATC6nu21t8ln-B_1A-hj','asddd','2024-03-18 06:34:42','Logged in'),('jsdurtmKcCXkCV3YJRDre--zlC22I89s','asddd','2024-03-18 07:27:37','Logged in'),('jwhCxOwcS_HlEECtvk7zbWz9BdrlkZ3r','asddd','2024-03-18 09:04:30','Logged in'),('kBb4yI_C7knBuscqFgr6RrxddKH13hE5','asddd','2024-03-21 08:36:14','Logged in'),('keZ3xTjo5zGTbWEL_o1odRiEoRN9BFkN','chawanakorns','2024-03-23 04:30:14','Logged in'),('kmE4VpaWE0wkF9k5LXz764FW8wQa6QIH','asddd','2024-03-18 07:48:31','Logged in'),('KUZjT-SRhOBFm4jREv6q1aQ-hHbZwtBp','jjkung','2024-03-22 08:47:08','Logged out'),('l_569xVVyw_a1HbciazYLg9D_KPlfjR9','jjkungza','2024-03-24 00:39:45','Logged in'),('L1nPqNjc1FR7cIZz7dsR65W9i0gbOmb4','asddd','2024-03-21 22:36:15','Logged out'),('lCwt72P9givy1n3skixAafmlBr6yacrw','jjkungza','2024-03-24 00:15:28','Logged in'),('LHNGCZXXh2vFTpH9PND8e7IhQhDsIi43','chawanakorns','2024-03-23 02:34:14','Logged in'),('lZy9Om6kAeqaf6AW0BY7csVPgZ7Z5zHf','asddddd','2024-03-21 22:58:06','Logged out'),('M-_tKSzoPo_3MLVwUxju0a9zOCdsbHV9','asddd','2024-03-21 22:13:38','Logged out'),('m2SRSQHyD_s9iZihwxbAHQ9qLi_pHfn2','asddd','2024-03-21 07:18:49','Logged in'),('m7OSGO2aLd20jSLSr6VVCd1SKkL02hUX','asddd','2024-03-18 06:40:28','Logged in'),('mcHsWfXPGJkuJveZqUFi_oDLdXR8U7If','jjkungzazaza','2024-03-24 23:53:53','Logged in'),('mIgf_4XmsTvk5wWritin6dzM_opGksRK','chawanakorns','2024-03-22 06:21:53','Logged in'),('Mj46tFzAhEh1nsJR_hODD4G6K77r1mvE','chawanakorns','2024-03-21 20:31:39','Logged in'),('mMtmLTQ8luH3Y2wg89lTYIL8zDD7IpQu','12345','2024-03-21 22:15:37','Logged in'),('MUNA1nKk-6STq7VNccwIWkRun2dhMGA3','chawanakorns','2024-03-23 05:18:41','Logged in'),('NJBJlraYvdSdzOMDbD-wxtLYDeC09l3H','chawanakorns','2024-03-23 05:07:20','Logged in'),('Nl9baRyW7-hrikiiL4gkebJ3rwjxa4_Q','jjkungth','2024-03-22 08:50:54','Logged out'),('nPuxvM1CoKgF4ntSOd4IHBQ4A2agWrjc','asddd','2024-03-18 06:29:54','Logged in'),('Ob0fH2ZW6JwMCramhBH1FnO_CduzrhmQ','asddd','2024-03-21 22:27:28','Logged out'),('oc0NWItHJYMJEKvYjZu43MILE5iaFEZq','chawanakorns','2024-03-21 11:20:39','Logged in'),('OuHCbe64-L7Q7r1MW_QAZ42UHyOwRI7B','chawanakorns','2024-03-23 04:28:11','Logged in'),('PrMRekFOKneKuszcwInZ_0TLcUxQmpNe','chawanakorns','2024-03-23 04:48:20','Logged in'),('ptteilDtgAQiGXh2n_E3h8PAn5NAr38r','asddd','2024-03-18 07:51:06','Logged in'),('pxpqM71UPrNnL4x_4PDp81Nx9fpNkBG0','helloBoi','2024-03-18 06:11:03','Logged out'),('PYFFE3LJSrTQxDodTxjLeIQxLOVjiwZU','jjkungtht','2024-03-22 08:55:21','Logged in'),('PYZEieJtZwcGtwnM6xY9zNzIwC5fzeoW','goodDogw','2024-03-18 06:23:48','Logged in'),('Q9FPXaOEW8LsrtL_BtCl75ND4nQGxMHq','12345','2024-03-18 06:26:50','Logged in'),('qcL9IwN9WTCwRv_2KEfPpkzKYEjuiE0H','asddd','2024-03-18 08:29:45','Logged in'),('QlrZ_QBa7MZK0xoAZNjhyINQhhlmvNZT','asddd','2024-03-21 11:37:43','Logged in'),('QnHEbSio4b4Jo_gwaDI5qJjjAk7fR9Ap','chawanakorns','2024-03-01 09:35:18','Logged out'),('qOEI19q5F8JkLAp33c8NvZMhoXr_tsyL','12345','2024-03-21 22:36:27','Logged in'),('QRP9uG0WxUw9ibtQVR4sPOheJLp2J2sn','brodd','2024-03-21 22:28:26','Logged out'),('QYFXczXX8hsB2QMS1V8bvPgzP2UJJxKX','goodDogGG','2024-03-18 06:12:45','Logged in'),('qZG8Iw_7dFKP0MfnRXHGs5tpbQUfLUob','chawanakorns','2024-03-18 10:02:18','Logged out'),('rFcCYygOPBfeRkvsPi034nZwsXFUcIv0','jjkungzaza','2024-03-24 00:53:20','Logged in'),('rIuw89QfHPn0uITo8Z44nz08gYXu-8L8','helloBoi','2024-03-18 06:08:40','Logged in'),('rkLZwXzZerdk7zdi-udtsEfAVo1DgBez','asddd','2024-03-18 08:52:18','Logged in'),('RprBrOKl9rFSQhnoLKL5OgR2L6CXT3x_','12345','2024-03-21 23:21:54','Logged out'),('rpvzyIz9Wqhx06zlEbXz6BFjKDQRyMtm','chawanakorns','2024-03-22 08:14:03','Logged in'),('rVTQxdfyzV1512BblWlAFjr35r3fYfdX','chawanakorns','2024-03-21 22:33:21','Logged out'),('S4pmrYPhkhswtLrmgRB1RU8_0xjiY5_4','asddd','2024-03-21 22:13:04','Logged in'),('sO2m6NEDkG3qe8PHX_58Heo28O6UGl_m','asddd','2024-03-18 07:28:24','Logged in'),('TuJ5W73bgMveubt5OCTw_SDBa0E_D5fY','chawanakorns','2024-03-23 04:47:39','Logged in'),('U2_AMnjEnxLhPuVLlLcbWtB9OeadUPgU','chawanakorns','2024-03-23 02:31:34','Logged in'),('U4DNtEZ2BUsETkiNCWY2FLwWwkoWiRGx','asddd','2024-03-18 08:17:37','Logged in'),('UfbgKQzz8BE3JnAOqovQwjiEDd3qoABd','goodDogGG','2024-03-18 06:23:30','Logged out'),('uHnOk_-mPW8H9G6rm3tW9uD9QMNnJGIa','helloBoi','2024-03-18 06:05:17','Logged in'),('uYT4LUYJI1qsa9c-rsobEHxIgN79WELA','chawanakorns','2024-03-23 04:27:17','Logged in'),('VEOueW_MTsGyieSM8lgs0hFlgGGvH1KU','asddd','2024-03-18 08:16:40','Logged in'),('VW1OcZX52GhDUUnCqzfXP-A-QXpwn2kW','asddd','2024-03-21 09:05:14','Logged in'),('vZc5l6y5r_03HruMXTzA-bmeEhmRHz4c','asddd','2024-03-18 06:40:04','Logged in'),('wCJxtwADcufA1Tr0fqL-Zb-qu6FRz73j','jjkungza','2024-03-24 00:48:56','Logged in'),('Wn2aYgQYopoFhRbNrrp6mrFR7MG4oBOM','chawanakorns','2024-03-21 09:22:24','Logged in'),('XoFw-ekG2O4EUsCmdaxM4J6ZIemD-62F','helloBoi','2024-03-18 06:02:32','Logged in'),('y5425y4aKnPXfDy3wxmCACLneItO524P','chawanakorns','2024-02-29 05:47:40','Logged out'),('yiBMOMQPPQmvspYrz4k-Yu6VkqtQdIl7','chawanakorns','2024-03-21 10:26:16','Logged in'),('ylbGbQRq8pGqt4gsDYoKYIl_hDLL8Xb0','chawanakorns','2024-03-23 04:26:00','Logged in'),('yNnFz-Q1YLBETWpXr8iJI18xB9p5Snhb','chawanakornsan','2024-03-21 22:33:56','Logged in'),('YpQmrIEX9G0OiuiyrYcTSgexQAnhatZX','asddd','2024-03-18 09:12:14','Logged in'),('yspXrlp8QY_o6u5InP-ePVMv1wvC3Moq','asddd','2024-03-18 08:41:25','Logged in'),('ZdHIkRx_Iu25kNLP-L2zMeKMcjFNjQHU','helloBoi','2024-03-18 06:05:58','Logged in'),('ZrpIO19Gkl84v-tp2VuE0J4jch0cPYN2','chawanakorns','2024-03-23 04:27:26','Logged in'),('zwH-kGQg66cEN_DcHEuWWidD1S9Zz5bS','chawanakorns','2024-03-23 05:11:05','Logged in');
/*!40000 ALTER TABLE `session_table` ENABLE KEYS */;
UNLOCK TABLES;

--
-- Table structure for table `sessions`
--

DROP TABLE IF EXISTS `sessions`;
/*!40101 SET @saved_cs_client     = @@character_set_client */;
/*!50503 SET character_set_client = utf8mb4 */;
CREATE TABLE `sessions` (
  `session_id` varchar(128) CHARACTER SET utf8mb4 COLLATE utf8mb4_0900_ai_ci NOT NULL,
  `expires` int unsigned NOT NULL,
  `data` mediumtext CHARACTER SET utf8mb4 COLLATE utf8mb4_0900_ai_ci,
  PRIMARY KEY (`session_id`)
) ENGINE=InnoDB DEFAULT CHARSET=utf8mb4 COLLATE=utf8mb4_0900_ai_ci;
/*!40101 SET character_set_client = @saved_cs_client */;

--
-- Dumping data for table `sessions`
--

LOCK TABLES `sessions` WRITE;
/*!40000 ALTER TABLE `sessions` DISABLE KEYS */;
/*!40000 ALTER TABLE `sessions` ENABLE KEYS */;
UNLOCK TABLES;
/*!40103 SET TIME_ZONE=@OLD_TIME_ZONE */;

/*!40101 SET SQL_MODE=@OLD_SQL_MODE */;
/*!40014 SET FOREIGN_KEY_CHECKS=@OLD_FOREIGN_KEY_CHECKS */;
/*!40014 SET UNIQUE_CHECKS=@OLD_UNIQUE_CHECKS */;
/*!40101 SET CHARACTER_SET_CLIENT=@OLD_CHARACTER_SET_CLIENT */;
/*!40101 SET CHARACTER_SET_RESULTS=@OLD_CHARACTER_SET_RESULTS */;
/*!40101 SET COLLATION_CONNECTION=@OLD_COLLATION_CONNECTION */;
/*!40111 SET SQL_NOTES=@OLD_SQL_NOTES */;

-- Dump completed on 2024-08-07 12:29:58
